name,amplitude,xo,yo,sigmax,sigmay,theta,amp_error,xo_error,yo_error,sigmax_error,sigmay_error,angle_error,drift (mhz/ms),drift error (mhz/ms),angle,center_f,red_chisq,time_res,freq_res
CHIME1,41.106919852123625,40.48313028403273,1016.566058756902,180.44606248826665,2.2732669046996534,1.5807296660634256,0.1988830264246432,0.014005869181392721,0.8729441122021385,0.8729871768014783,0.010998774512429504,8.621847854052553e-05,-40.00177767016991,0.347226566798299,1.5807296660634256,467.28289609782934,0.14947603999843925,0.00098304,0.390625
CHIME2,33.22301977965267,68.4735696479851,995.8038130099989,369.5161914017013,1.5975926718453348,1.5755727692859023,0.027590557760973442,0.0019756773516334198,0.30675314922273506,0.3084481296864062,0.0013253019880835708,5.076225410367361e-06,-83.1918896479684,0.08841459057822311,1.5755727692859023,672.3414168189315,5.670489594468682,0.00098304,0.390625
B1,435.0555549936591,188.49793879722017,256.4633745099875,111.83739041959909,12.410753449422785,1.5845121093921193,0.03372685518561838,0.0009626382819415823,0.008669041233696329,0.008975461754184419,0.0009553582964430646,1.231777176977577e-05,-1139.1271384825282,1.0231474527248585,1.5845121093921193,1325.8018219860248,63.36738870253788,3.2e-05,0.5
B2,30.57329727316632,188.48238623483763,256.26743706185425,110.68655233452245,7.794401822460442,-1.5546891695458545,0.04155693468157361,0.010799824653565568,0.1503943220956103,0.15529572322619017,0.010526052348087242,0.0001360318942128992,-969.9817591882484,8.193331611995701,-1.5546891695458545,1317.1714754057648,8.712472792552909,3.2e-05,0.5
S1,38974.63432803475,200.43042406778238,255.2146442103517,-3.3878888852429374,-110.86111052061085,3.169903746906098,137.26832079567583,0.016204050302454986,0.39023408792894876,0.011856055192730475,0.4031890652653316,0.00015237065557702643,-394.64688713177424,2.1251298154096454,1.5991074201112014,1362.5452066979224,8.706792989368914,6.5536e-05,0.732421875
